total_return,annual_return,annual_vol,sharpe
0.12467931546341693,0.12884310822123535,0.12157129032602235,0.8342352192524649
