total_return,annual_return,annual_vol,sharpe
0.10394225629938125,0.10576461788539482,0.09731353826692526,0.8298301680036894
