,max_sharpe,min_vol
TSLA,0.0,0.0
BND,0.53561,0.94512
SPY,0.46439,0.05488
